{"items":[{"Store Number":"055-1","Store Contact":"MGR","Send Date":"10/31","Quantity":"1","Description":"Ricoh 430","NewOTN":"New","Part Number":"","Reason":"kyle request","Sent By":"KB","Returned Date":"11/01/2023","Done":"X","ID":"0"},{"Store Number":"993-2","Store Contact":"MGR","Send Date":"10/31","Quantity":"1","Description":"Ricoh 301","NewOTN":"OTN","Part Number":"","Reason":"Kyle Request","Sent By":"KB","Returned Date":"11/01/2023","Done":"X","ID":"1"},{"Store Number":"841-1","Store Contact":"MGR","Send Date":"10/31","Quantity":"1","Description":"27in Monitor","NewOTN":"New","Part Number":"","Reason":"blue screens","Sent By":"KB","Returned Date":"11/01/2023","Done":"X","ID":"2"}]}